Sample ID,Fruit #,Tray#,Fruit Number,Subsample (n=50) seed,Total Seed Weight (g),Mean Total Seed Count,Comments,FrtWt,FWslice,DWslice,L1_Frt1,Chroma1_Frt1,Hue1_Frt1,L2_Frt1,Chroma2_Frt1,Hue2_Frt1,Firm1_Frt1,Firm2_Frt1,SSC1_Frt1,DM,avHue,avFirm,avSSC
135073,5,2,10023,0.0765,0.5949,389,,137.30,8.06,1.57,63.52,25.73,101.80,63.46,27.89,102.20,1.91,1.79,16.00,19.48,102.00,1.85,16.00
135073,9,2,10027,0.0763,0.4650,305,,107.28,6.44,1.19,62.28,29.84,103.80,64.00,31.47,103.90,2.58,2.06,16.00,18.48,103.85,2.32,16.00
135073,11,2,10029,0.0739,0.6519,441,,139.11,8.57,1.68,65.05,30.20,103.00,63.26,26.14,101.70,2.61,2.36,16.00,19.60,102.35,2.49,16.00
135074,9,3,10045,0.0727,0.5451,375,,127.26,8.21,1.52,65.26,34.88,104.60,64.42,31.26,105.70,2.86,2.65,14.50,18.51,105.15,2.76,14.50
135075,4,4,10059,0.0742,0.4960,334,,135.38,8.72,1.73,66.48,32.66,104.10,65.59,30.69,103.80,2.70,1.89,16.00,19.84,103.95,2.30,16.00
135075,8,4,10062,0.0784,0.3716,237,,127.20,8.01,1.57,63.92,28.07,102.30,64.17,28.65,102.70,2.30,2.30,16.00,19.60,102.50,2.30,16.00
135077,5,6,10095,0.0675,0.8360,619,,141.12,8.25,1.50,62.74,29.34,104.10,62.37,32.78,105.00,2.32,2.93,14.00,18.18,104.55,2.63,14.00
135082,12,11,10192,0.0710,0.3164,223,,80.64,5.85,0.98,59.21,33.23,107.10,58.47,28.85,105.00,2.23,2.21,14.00,16.75,106.05,2.22,14.00
135083,3,12,10201,0.0669,0.5252,393,,104.10,8.11,1.41,61.48,28.91,104.90,61.65,31.18,104.20,2.50,1.64,14.00,17.39,104.55,2.07,14.00
135083,6,12,10204,0.0684,0.2541,186,,64.48,5.40,0.97,62.06,30.42,105.80,61.68,25.29,103.10,1.93,1.77,14.50,17.96,104.45,1.85,14.50
135082,1,14,10226,0.0717,0.4654,325,,105.59,7.46,1.29,62.49,28.27,103.40,63.42,30.90,104.50,1.74,1.83,15.00,17.29,103.95,1.79,15.00
135086,17,15,10260,0.0755,0.2321,154,,97.06,6.50,1.22,62.79,31.04,104.20,63.41,33.95,104.10,2.58,1.92,15.50,18.77,104.15,2.25,15.50
135087,18,16,10279,0.0690,0.9331,676,,155.67,9.42,1.81,68.55,29.65,103.30,68.42,28.90,103.80,3.70,4.01,15.00,19.21,103.55,3.86,15.00
135089,14,18,10312,0.0688,0.4981,362,,133.41,8.67,1.56,66.41,27.29,103.40,67.29,29.09,103.60,5.16,4.24,14.50,17.99,103.50,4.70,14.50
135091,14,20,10347,0.0709,0.5100,360,,96.34,6.36,1.10,64.80,26.97,105.10,64.94,27.95,104.90,3.30,2.54,13.40,17.30,105.00,2.92,13.40
135092,14,21,10364,0.0719,0.6016,418,,123.89,8.07,1.46,64.13,29.98,103.30,64.73,27.81,102.40,3.47,2.94,14.00,18.09,102.85,3.21,14.00
135093,9,22,10377,0.0765,0.7568,495,,133.24,8.78,1.67,63.74,34.64,105.30,63.42,29.01,105.10,1.55,2.17,15.00,19.02,105.20,1.86,15.00
135093,10,22,10378,0.0714,0.7418,519,,137.48,8.76,1.59,62.13,33.96,106.20,64.16,30.33,105.00,2.17,2.08,15.00,18.15,105.60,2.13,15.00
135093,11,22,10379,0.0703,0.7341,522,,133.74,8.00,1.47,61.50,28.65,103.90,62.85,29.83,104.10,1.84,1.87,14.80,18.38,104.00,1.86,14.80
135093,12,22,10380,0.0683,0.7331,537,,120.25,8.09,1.49,61.73,35.50,105.90,62.53,30.84,104.30,2.12,2.63,15.00,18.42,105.10,2.38,15.00
135095,16,24,10419,0.0825,0.2585,157,,87.00,6.16,1.03,61.05,27.33,104.00,61.11,29.14,103.50,1.60,1.29,13.80,16.72,103.75,1.45,13.80
135097,11,26,10450,0.0682,0.7195,527,,138.65,8.36,1.49,63.06,34.44,106.00,62.27,31.49,104.80,2.19,1.30,14.40,17.82,105.40,1.75,14.40
135097,12,26,10457,0.0701,0.6772,483,,108.92,7.17,1.33,61.43,28.98,103.50,61.80,25.72,103.20,2.49,1.69,15.10,18.55,103.35,2.09,15.10
135099,5,28,10480,0.0799,0.6642,416,,152.16,8.96,1.79,62.78,25.58,100.20,63.89,27.81,101.60,2.44,1.91,16.50,19.98,100.90,2.18,16.50
135099,6,28,10481,0.0690,0.7799,565,,162.71,10.34,2.10,65.23,27.97,102.70,64.97,25.47,102.20,1.80,2.07,16.50,20.31,102.45,1.94,16.50
135099,7,28,10482,0.0739,0.8821,597,,160.63,9.83,2.02,64.56,27.38,101.60,66.35,28.60,102.00,2.81,2.42,16.50,20.55,101.80,2.62,16.50
135099,8,28,10483,0.0711,0.7771,546,,147.05,8.59,1.77,63.13,27.18,101.70,64.57,24.77,101.60,2.03,2.34,16.50,20.61,101.65,2.19,16.50
135099,17,28,10492,0.0692,0.6068,438,,121.23,7.89,1.55,63.43,32.60,105.50,63.34,31.39,104.70,2.42,2.32,15.50,19.65,105.10,2.37,15.50
135097,9,29,10498,0.0645,0.8966,695,,148.40,8.34,1.51,62.91,34.25,106.10,63.27,30.65,104.40,1.68,1.38,15.00,18.11,105.25,1.53,15.00
135102,11,31,10540,0.0665,0.6180,465,,108.79,5.19,1.00,61.85,32.70,103.60,63.12,32.37,102.10,2.11,2.05,15.70,19.27,102.85,2.08,15.70
135103,16,32,10563,0.0693,0.4940,356,,133.06,7.73,1.47,62.70,26.31,102.50,62.51,26.51,102.40,2.45,2.65,16.00,19.02,102.45,2.55,16.00
135105,6,34,10589,0.0799,0.7316,458,,150.67,9.16,1.81,63.84,26.03,102.20,63.29,25.31,102.20,2.33,2.64,15.50,19.76,102.20,2.49,15.50
135105,13,34,10596,0.0725,0.6456,445,,135.67,8.40,1.54,62.73,26.99,102.20,63.23,26.03,103.10,3.38,3.21,15.00,18.33,102.65,3.30,15.00
135105,18,34,10601,0.0702,0.4659,332,,110.27,7.32,1.37,63.22,31.51,104.00,60.17,29.55,103.60,2.55,2.13,15.00,18.72,103.80,2.34,15.00
135106,16,35,10617,0.0747,0.5319,356,,136.91,8.10,1.52,63.46,28.35,103.70,66.20,30.17,105.60,3.04,2.16,15.20,18.77,104.65,2.60,15.20
135073,1,35,10619,0.0795,0.2608,164,,91.36,7.73,1.45,63.47,30.04,104.20,62.74,25.14,103.70,3.01,2.13,15.00,18.76,103.95,2.57,15.00
135107,7,36,10626,0.0740,0.5610,379,,118.06,7.33,1.46,63.74,25.34,102.00,64.86,23.91,103.30,2.31,2.02,16.20,19.92,102.65,2.17,16.20
135108,14,37,10651,0.0661,0.5755,435,,127.07,7.02,1.39,63.42,31.03,101.90,61.28,26.41,101.70,2.09,2.38,17.00,19.80,101.80,2.24,17.00
135108,17,37,10654,0.0672,0.5737,427,,115.41,6.55,1.39,65.40,29.17,101.30,65.81,24.91,101.30,2.13,1.73,17.20,21.22,101.30,1.93,17.20
135108,18,37,10655,0.0715,0.5293,370,,126.55,8.21,1.76,64.29,24.75,101.40,65.53,27.78,101.90,1.75,1.76,18.00,21.44,101.65,1.76,18.00
135110,15,39,10688,0.0677,0.5253,388,,112.48,7.63,1.48,61.32,28.69,103.20,62.85,22.60,102.00,1.92,1.74,17.00,19.40,102.60,1.83,17.00
135111,16,40,10707,0.0808,0.6972,431,,134.78,8.22,1.46,61.08,33.68,107.20,61.60,26.85,104.90,3.74,4.54,14.80,17.76,106.05,4.14,14.80
135112,5,41,10714,0.0707,0.5459,386,,122.37,7.51,1.45,63.58,32.17,103.50,65.53,29.42,103.80,2.87,3.23,15.50,19.31,103.65,3.05,15.50
135113,2,42,10729,0.0704,0.2538,180,,95.38,6.80,1.25,59.83,30.47,104.20,60.55,26.68,103.60,2.38,1.82,15.20,18.38,103.90,2.10,15.20
135114,2,43,10749,0.0742,0.3527,238,,125.10,8.91,1.68,62.24,31.05,105.30,62.37,27.62,104.60,3.42,2.99,15.50,18.86,104.95,3.21,15.50
135115,2,43,10750,0.0733,0.5252,358,,110.22,6.64,1.31,63.59,31.58,102.6,60.6,29,103.2,2.44,2.24,16.3,19.72891566,102.9,2.34,16.30
135116,1,45,20001,0.0635,0.1825,144,,51.31,2.82,0.50,58.58,26.95,104.80,58.88,28.33,106.00,1.41,1.06,14.50,17.73,105.40,1.24,14.50
135116,3,45,20003,0.0731,0.3246,222,,85.11,3.62,0.65,62.54,33.31,103.90,62.14,32.80,105.30,2.70,2.86,14.50,17.96,104.60,2.78,14.50
135116,8,45,20008,0.0706,0.6312,447,,100.36,4.52,0.84,63.07,34.57,106.70,65.66,38.94,105.80,3.50,2.96,13.80,18.58,106.25,3.23,13.80
135117,10,46,20028,0.0720,0.5455,379,,106.86,4.11,0.82,60.42,26.98,101.10,61.58,25.75,101.50,1.68,1.62,17.00,19.95,101.30,1.65,17.00
135120,18,49,20090,0.0695,0.6333,456,,105.49,4.88,0.84,58.48,34.12,106.50,61.71,32.42,106.20,2.09,1.82,13.50,17.21,106.35,1.96,13.50
135121,5,50,20095,0.0660,0.4420,335,,93.42,4.65,0.84,63.41,26.43,103.70,61.33,33.92,107.10,2.47,2.72,15.00,18.06,105.40,2.60,15.00
135121,6,50,20096,0.0631,0.5118,406,,97.49,4.53,0.77,60.70,27.40,104.80,62.92,26.39,104.20,1.12,0.83,14.80,17.00,104.50,0.98,14.80
135121,9,50,20099,0.0729,0.4829,331,,100.04,4.09,0.76,63.73,31.44,103.50,61.38,33.67,103.40,2.46,2.30,15.00,18.58,103.45,2.38,15.00
135127,9,56,20207,0.0537,0.3711,346,,80.52,4.49,0.79,59.30,34.74,107.50,62.06,30.58,106.80,2.59,1.76,14.50,17.59,107.15,2.18,14.50
135131,13,60,20283,0.0352,0.3565,506,,77.77,3.38,0.63,59.55,35.32,106.80,59.55,36.85,107.40,1.47,1.48,15.40,18.64,107.10,1.48,15.40
135132,3,61,20291,0.0723,0.4959,343,,103.97,4.59,0.81,62.91,30.64,105.30,63.97,31.64,107.50,2.99,2.53,14.00,17.65,106.40,2.76,14.00
135132,14,61,20302,0.0758,0.2385,157,,67.21,3.72,0.66,61.32,24.63,103.00,59.65,26.41,103.60,2.10,1.80,14.50,17.74,103.30,1.95,14.50
135136,10,65,20370,0.0392,0.5537,706,,110.55,4.84,0.86,62.46,27.62,102.20,61.92,23.74,103.50,1.89,1.83,15.00,17.77,102.85,1.86,15.00
135140,17,69,20449,0.0727,0.7790,536,,128.99,5.70,1.02,65.59,36.24,107.00,64.35,32.42,107.20,2.67,1.99,13.50,17.89,107.10,2.33,13.50
135143,15,72,20501,0.0408,0.7680,941,,132.23,5.95,1.06,63.57,28.90,102.90,63.95,29.20,105.10,2.98,3.82,14.10,17.82,104.00,3.40,14.10
135144,18,73,20510,0.0738,0.6176,418,,145.07,5.59,1.04,64.99,33.79,105.80,63.98,34.87,105.00,3.16,2.65,15.00,18.60,105.40,2.91,15.00
135146,13,75,20551,0.0816,0.5041,309,,119.08,5.48,0.97,63.97,29.53,105.20,64.81,31.12,104.50,2.91,2.43,14.00,17.70,104.85,2.67,14.00
135151,4,80,20631,0.0711,0.5221,367,,99.85,5.23,0.98,66.07,29.21,104.20,67.02,25.68,102.70,2.96,2.31,14.00,18.74,103.45,2.64,14.00
135151,10,80,20637,0.0668,0.6487,486,,119.72,4.98,0.92,66.37,23.56,101.70,66.00,25.25,101.40,3.27,3.04,14.90,18.47,101.55,3.16,14.90
135153,18,82,20681,0.0704,0.6339,450,,125.31,4.79,0.85,63.13,28.96,102.30,63.85,27.95,101.60,2.41,2.24,14.50,17.75,101.95,2.33,14.50
135154,10,83,20691,0.0709,0.6153,434,,107.36,5.71,1.06,65.28,25.90,102.00,65.82,29.48,102.30,2.63,2.08,15.00,18.56,102.15,2.36,15.00
135154,15,83,20696,0.0744,0.7937,533,,123.13,5.38,1.02,66.88,30.57,101.30,66.64,35.19,102.80,2.46,2.09,15.00,18.96,102.05,2.28,15.00
135155,1,84,20700,0.0711,0.8564,602,,147.36,6.51,1.21,66.59,31.31,103.10,66.30,28.89,102.50,3.06,2.65,14.60,18.59,102.80,2.86,14.60
135155,2,84,20701,0.0787,0.8234,523,,148.83,6.79,1.25,65.34,31.76,102.20,65.74,30.61,103.20,4.23,2.88,14.50,18.41,102.70,3.56,14.50
135155,3,84,20702,0.0419,0.7382,881,,137.57,5.19,0.93,65.78,33.85,104.40,64.26,30.69,101.70,2.38,3.47,14.20,17.92,103.05,2.93,14.20
135158,3,87,20756,0.0808,0.4741,293,,125.65,5.17,1.00,68.14,27.51,102.20,67.32,22.63,102.20,3.91,3.40,15.00,19.34,102.20,3.66,15.00
135158,10,87,20763,0.0657,0.6625,504,,119.73,5.31,1.01,63.85,30.73,103.00,64.98,27.08,101.90,2.49,1.86,15.00,19.02,102.45,2.18,15.00
135161,11,90,20818,0.0785,0.6558,418,,129.29,7.09,1.40,65.12,26.34,100.90,64.96,25.28,101.70,2.52,2.35,15.50,19.75,101.30,2.44,15.50
135145,2,90,20824,0.0696,0.5518,396,,116.62,4.94,0.83,60.61,35.34,108.70,60.58,36.64,110.00,3.75,4.11,13.50,16.80,109.35,3.93,13.50
135163,5,92,20847,0.0757,0.5303,350,,105.95,5.07,0.90,64.70,29.78,104.70,61.81,28.41,103.70,3.20,2.99,13.90,17.75,104.20,3.10,13.90
135163,6,92,20848,0.0745,0.8151,547,,123.98,5.33,0.98,64.25,29.43,103.70,67.10,27.56,102.70,2.98,2.78,14.10,18.39,103.20,2.88,14.10
135164,8,93,20868,0.0708,0.5596,395,,117.33,5.01,0.90,62.50,31.45,104.30,64.26,28.94,103.40,3.75,3.52,14.50,17.96,103.85,3.64,14.50
135165,13,94,20891,0.0728,0.6862,471,,129.09,5.96,1.12,68.34,28.84,102.30,69.08,28.15,101.80,3.39,3.49,15.00,18.79,102.05,3.44,15.00
135168,14,97,20946,0.0633,0.3806,301,,107.59,4.53,0.81,68.42,32.71,103.10,64.92,25.94,101.60,2.93,2.86,14.00,17.88,102.35,2.90,14.00
135169,6,98,20956,0.0647,0.6970,539,,128.56,5.18,1.02,63.49,30.52,102.80,66.88,31.68,101.30,2.81,2.09,15.50,19.69,102.05,2.45,15.50
135169,8,98,20958,0.0659,0.5669,430,,118.11,5.05,1.00,66.43,28.23,101.40,66.42,28.78,101.40,2.23,1.25,16.50,19.80,101.40,1.74,16.50
135170,2,99,20970,0.0673,0.6407,476,,123.97,5.66,1.09,67.63,34.11,102.70,67.43,29.04,101.40,3.11,2.97,14.80,19.26,102.05,3.04,14.80
135170,14,99,20982,0.0756,0.5103,338,,122.56,6.71,1.28,65.83,29.67,102.10,65.82,30.20,102.70,4.66,3.73,15.20,19.08,102.40,4.20,15.20
135172,18,101,21022,0.0654,0.7190,550,,116.62,5.22,1.02,63.71,29.16,101.40,62.08,21.09,101.50,1.86,1.79,15.40,19.54,101.45,1.83,15.40
135173,14,102,21036,0.0774,0.5816,376,,111.43,4.87,1.01,66.61,31.73,101.00,65.85,29.43,100.70,2.45,2.13,16.50,20.74,100.85,2.29,16.50
135173,16,102,21038,0.0648,0.3577,276,,78.50,3.86,0.74,62.42,25.90,104.10,63.10,25.57,102.80,1.71,1.27,15.50,19.17,103.45,1.49,15.50
135173,15,#N/A,21057,0.0707,0.4226,299,,112.35,4.72,0.96,66.12,33.26,102.10,66.56,32.94,100.90,2.62,2.29,16.50,20.34,101.50,2.46,16.50
135176,7,105,30025,0.0769,0.3956,257,,83.83,6.60,1.06,57.85,39.94,113.20,58.06,34.16,111.00,3.17,3.03,12.00,16.06,112.10,3.10,12.00
135176,6,105,30029,0.0739,0.2878,195,,79.10,6.10,1.01,57.99,39.92,111.70,59.98,32.90,109.60,2.34,2.48,13.20,16.56,110.65,2.41,13.20
135176,14,105,30032,0.0736,0.5312,361,,116.46,8.48,1.35,62.89,33.70,107.90,63.66,29.73,107.50,3.31,3.63,12.20,15.92,107.70,3.47,12.20
135176,16,105,30034,0.0745,0.5636,378,,115.28,7.56,1.33,60.22,38.34,110.80,59.48,38.80,111.50,2.93,3.05,12.80,17.59,111.15,2.99,12.80
135176,18,105,30036,0.0714,0.5095,357,,91.75,7.46,1.15,56.82,37.06,111.20,59.29,38.95,113.10,4.35,3.69,11.00,15.42,112.15,4.02,11.00
135177,1,106,30037,0.0744,0.5638,379,,100.54,4.75,0.79,59.04,38.04,111.40,57.10,29.58,110.70,2.85,2.31,12.30,16.63,111.05,2.58,12.30
135177,2,106,30038,0.0798,0.5198,326,,101.81,4.97,0.74,53.62,38.66,114.10,48.07,37.52,116.20,3.20,2.48,11.50,14.89,115.15,2.84,11.50
135177,9,106,30045,0.0706,0.3828,271,,102.36,4.60,0.78,60.03,38.73,107.70,58.64,34.79,107.70,1.19,1.41,14.20,16.96,107.70,1.30,14.20
135180,5,109,30095,0.0705,0.2987,212,,84.35,4.01,0.60,55.35,34.20,108.70,56.45,33.31,108.20,2.47,2.00,11.90,14.96,108.45,2.24,11.90
135150,12,109,30101,0.0717,0.2818,197,,125.56,6.33,1.20,63.43,31.60,104.10,63.65,30.32,103.70,1.87,2.13,15.00,18.96,103.90,2.00,15.00
135182,2,111,30127,0.1029,0.5214,253,,110.63,5.69,0.92,63.43,36.74,110.00,60.44,40.97,112.70,3.75,3.32,13.00,16.17,111.35,3.54,13.00
135183,2,112,30145,0.0726,0.4750,327,,119.96,5.41,0.87,58.65,38.24,110.10,60.71,31.11,106.30,2.28,2.39,13.00,16.08,108.20,2.34,13.00
135183,15,112,30158,0.0668,0.7925,593,,126.24,5.28,0.92,60.39,35.69,109.00,60.76,33.52,107.80,2.06,1.68,14.00,17.42,108.40,1.87,14.00
135183,16,112,30159,0.0756,0.1973,130,,84.09,3.24,0.48,59.66,34.44,109.90,59.15,34.32,110.40,2.35,2.03,12.50,14.81,110.15,2.19,12.50
135186,2,115,30199,0.0745,0.6379,428,,131.80,5.69,0.95,60.99,32.66,108.90,60.80,32.33,108.70,2.30,1.83,11.00,16.70,108.80,2.07,11.00
135186,3,115,30200,0.0692,0.4524,327,,94.81,4.69,0.78,58.03,34.90,110.70,60.69,31.57,108.30,3.57,2.76,11.50,16.63,109.50,3.17,11.50
135186,4,115,30201,0.0779,0.3988,256,,98.63,4.10,0.65,62.62,30.39,107.00,58.01,35.48,109.50,2.76,2.35,13.00,15.85,108.25,2.56,13.00
135186,11,115,30208,0.0691,0.4555,330,,109.01,4.31,0.72,57.76,39.03,113.10,56.82,38.43,112.80,1.97,1.92,13.00,16.71,112.95,1.95,13.00
135186,12,115,30209,0.0646,0.6585,510,,135.94,4.21,0.69,58.62,39.74,110.50,60.51,37.23,111.30,2.58,2.85,13.00,16.39,110.90,2.72,13.00
135188,16,117,30249,0.0663,0.6085,459,,93.81,4.24,0.62,61.56,34.24,110.90,59.70,32.21,111.80,1.90,2.54,11.00,14.62,111.35,2.22,11.00
135189,7,118,30258,0.0675,0.6363,471,,99.90,4.61,0.70,60.53,33.68,109.70,60.27,30.85,109.60,2.85,3.93,12.00,15.18,109.65,3.39,12.00
135189,8,118,30259,0.0724,0.5791,400,,98.70,4.51,0.69,61.24,30.79,109.40,62.04,26.59,107.50,2.35,1.98,12.00,15.30,108.45,2.17,12.00
135190,9,119,30278,0.0727,0.6847,471,,135.16,4.74,0.79,59.19,35.25,107.90,59.74,34.23,107.20,1.77,1.77,13.80,16.67,107.55,1.77,13.80
135192,4,121,30309,0.0761,0.6855,450,,105.57,4.80,0.77,61.47,31.80,107.70,62.96,29.36,104.80,3.39,3.06,12.80,16.04,106.25,3.23,12.80
135198,12,127,30425,0.0688,0.7445,541,,144.55,9.31,1.54,59.84,31.69,109.10,64.11,34.85,107.80,2.58,2.07,12.80,16.54,108.45,2.33,12.80
135199,6,128,30437,0.0672,0.6413,477,,133.67,4.98,0.86,61.35,31.39,107.60,63.25,28.40,104.80,2.02,1.72,14.00,17.27,106.20,1.87,14.00
135200,1,129,30454,0.0683,0.7298,534,,136.50,5.49,0.89,61.42,32.68,106.90,61.63,36.30,107.10,2.40,2.73,13.00,16.21,107.00,2.57,13.00
135200,3,129,30456,0.0816,0.7748,475,,137.61,5.97,1.03,63.76,31.60,104.60,62.64,28.19,104.40,2.67,2.44,13.90,17.25,104.50,2.56,13.90
135201,8,130,30468,0.0749,0.6820,455,,136.62,5.12,0.83,62.95,27.22,103.60,63.00,32.90,108.80,2.48,2.67,12.50,16.21,106.20,2.58,12.50
135202,9,131,30487,0.0734,0.6371,434,,131.09,11.25,2.03,61.83,34.91,107.10,60.74,40.50,109.20,1.68,1.68,14.60,18.04,108.15,1.68,14.60
135202,17,131,30495,0.0663,0.7316,552,,138.37,8.86,1.51,64.31,30.55,104.20,64.80,26.20,101.90,2.11,2.04,14.00,17.04,103.05,2.08,14.00
135203,1,132,30497,0.0653,0.6567,503,,135.26,5.66,0.98,64.11,30.39,104.80,63.92,31.17,103.80,2.67,2.18,14.20,17.31,104.30,2.43,14.20
135205,7,134,30539,0.0682,0.7861,576,,132.81,5.39,0.98,64.89,28.63,104.40,66.33,27.53,103.10,2.82,2.47,14.40,18.18,103.75,2.65,14.40
135206,5,135,30555,0.0726,0.7142,492,,152.09,9.61,1.73,64.43,27.19,102.50,64.55,27.74,102.90,1.83,1.70,14.80,18.00,102.70,1.77,14.80
135207,10,136,30578,0.0693,0.7906,570,,132.68,8.83,1.64,63.41,35.20,104.50,64.09,32.74,104.90,2.33,2.64,14.60,18.57,104.70,2.49,14.60
135208,8,137,30593,0.0726,0.4853,334,,102.63,7.23,1.22,62.95,31.61,106.50,62.70,35.42,108.60,2.55,2.55,13.80,16.87,107.55,2.55,13.80
135209,7,138,30610,0.0697,0.7791,559,,150.46,5.10,0.84,62.66,34.35,109.10,62.05,40.11,111.10,2.44,2.36,12.50,16.47,110.10,2.40,12.50
135214,16,143,30709,0.0727,0.2193,151,,65.90,3.37,0.54,57.93,34.68,107.90,59.86,34.04,107.70,2.57,1.62,14.00,16.02,107.80,2.10,14.00
135214,18,143,30711,0.0704,0.3306,235,,91.45,3.97,0.68,61.79,34.94,107.30,61.89,36.12,107.00,2.26,2.13,14.00,17.13,107.15,2.20,14.00
135215,2,144,30712,0.0692,0.4034,291,,117.82,5.40,0.90,63.40,30.89,106.20,64.85,29.95,104.50,2.02,1.96,13.20,16.67,105.35,1.99,13.20
135215,8,144,30718,0.0678,0.8429,622,,156.89,6.60,1.13,64.38,30.46,104.10,64.73,29.52,105.00,2.42,2.35,13.40,17.12,104.55,2.39,13.40
135218,3,147,30763,,,24,only 24 seeds,33.63,2.58,0.40,59.15,29.72,106.80,60.01,33.52,105.80,4.00,3.61,11.80,15.50,106.30,3.81,11.80
135218,6,147,30766,0.0744,0.4036,271,,93.82,4.70,0.82,62.10,33.37,105.20,60.80,34.82,103.40,2.70,2.80,14.20,17.45,104.30,2.75,14.20
135220,3,149,30799,0.0710,0.3256,229,,85.11,4.13,0.66,59.20,31.67,107.30,57.20,31.36,108.80,2.23,2.75,13.50,15.98,108.05,2.49,13.50
135220,4,149,30800,0.0727,0.3357,231,,92.77,5.66,0.96,64.78,30.87,104.20,63.57,31.34,104.10,4.04,3.50,13.20,16.96,104.15,3.77,13.20
135225,5,154,30891,0.0663,0.4425,334,,109.20,5.14,0.92,64.68,30.16,104.60,64.82,31.97,104.60,3.20,2.71,14.00,17.90,104.60,2.96,14.00
135229,9,158,30966,0.0672,0.5030,374,,114.17,5.11,0.85,60.85,35.69,109.10,61.94,28.81,105.00,2.49,2.56,13.80,16.63,107.05,2.53,13.80
135229,17,158,30974,0.0775,0.6058,391,,127.30,5.22,0.85,57.87,36.79,110.70,61.60,32.82,106.80,2.68,2.36,13.10,16.28,108.75,2.52,13.10
135230,2,159,30977,0.0687,0.5728,417,,128.03,5.70,0.91,59.00,35.73,109.70,60.57,33.82,108.90,2.70,2.77,12.80,15.96,109.30,2.74,12.80
135230,6,159,30981,0.0754,0.5853,388,,127.56,6.04,1.09,62.96,34.73,107.40,63.14,31.10,105.20,3.03,3.12,14.20,18.05,106.30,3.08,14.20
135230,7,159,30982,0.0735,0.6735,458,,141.59,6.41,1.13,64.60,30.97,105.30,63.01,35.78,107.70,3.60,3.61,13.70,17.63,106.50,3.61,13.70
135231,10,160,31003,0.0722,0.5493,380,ID changed from 31103,126.87,8.22,1.48,64.84,30.29,102.20,65.49,26.42,102.90,3.71,3.22,14.40,18.00,102.55,3.47,14.40
134158,6,161,40006,0.0709,0.3395,239, ,138.68,5.65,1.06,63.97,23.83,99.70,58.20,22.49,100.20,3.24,3.09,15.20,18.76,99.95,3.17,15.20
134159,3,162,40020,0.0687,0.5714,416,,143.10,8.15,1.50,66.81,25.37,99.40,66.00,23.81,99.40,4.39,3.98,15.00,18.40,99.40,4.19,15.00
134159,7,162,40024,0.0675,0.4976,369,,121.95,7.81,1.45,58.74,22.79,100.10,60.21,23.97,99.60,2.75,2.74,16.00,18.57,99.85,2.75,16.00
134159,10,162,40027,0.0697,0.5459,392,,136.43,8.18,1.54,57.80,21.17,99.90,57.10,21.65,99.50,2.19,2.06,16.30,18.83,99.70,2.13,16.30
134160,1,163,40036,0.0687,0.6979,508,,143.45,5.45,1.07,62.15,28.25,98.70,62.58,24.89,99.60,2.53,2.13,15.00,19.63,99.15,2.33,15.00
134160,2,163,40037,0.0734,0.6737,459,,139.97,5.36,1.06,64.19,28.78,99.70,62.13,26.42,99.60,2.11,2.22,17.00,19.78,99.65,2.17,17.00
134161,18,164,40070,0.0681,0.4182,307,,114.92,4.35,0.80,65.50,23.09,100.70,66.02,28.74,101.10,4.66,4.51,15.00,18.39,100.90,4.59,15.00
134162,18,165,40088,0.0607,0.5713,471,,110.40,6.83,1.26,68.61,26.74,99.70,68.10,25.55,100.00,5.25,4.85,14.20,18.45,99.85,5.05,14.20
134163,3,166,40091,0.0683,0.2540,186,,86.57,6.01,1.05,60.33,26.74,100.50,61.32,23.61,100.60,5.52,5.16,14.20,17.47,100.55,5.34,14.20
134165,10,168,40134,0.0677,0.3754,277,,126.07,8.57,1.56,68.55,22.56,99.10,69.59,27.18,100.20,5.73,4.65,14.00,18.20,99.65,5.19,14.00
134165,15,168,40135,0.0675,0.3636,269,,116.55,4.11,0.77,65.90,24.29,99.50,63.89,22.04,99.30,3.19,2.59,15.20,18.73,99.40,2.89,15.20
134174,4,177,40290,0.0641,0.3117,243,,104.97,6.97,1.27,61.01,27.60,99.20,61.73,26.85,99.80,3.75,3.19,15.50,18.22,99.50,3.47,15.50
134175,7,178,40311,0.0631,0.2977,236,,83.29,5.31,1.00,59.03,27.30,100.40,59.77,26.69,100.20,2.58,2.65,16.10,18.83,100.30,2.62,16.10
134177,12,180,40351,0.0633,0.3739,295,,95.83,6.09,1.13,61.40,28.11,100.10,59.17,27.25,100.20,2.70,2.64,16.00,18.56,100.15,2.67,16.00
134178,7,181,40364,0.0685,0.3346,244,,91.88,6.49,1.07,71.19,32.53,101.70,71.22,24.47,99.90,6.36,5.71,11.00,16.49,100.80,6.04,11.00
134180,9,183,40402,0.0707,0.4260,301,,101.03,4.21,0.71,73.45,32.18,102.30,73.62,32.33,101.30,6.42,6.61,10.00,16.86,101.80,6.52,10.00
134183,14,186,40460,0.0668,0.4809,360,,129.80,4.63,0.85,67.41,25.99,99.00,67.13,24.15,99.60,4.27,3.86,15.00,18.36,99.30,4.07,15.00
134184,14,187,40478,0.0724,0.3533,244,,105.87,7.00,1.26,69.45,26.99,99.90,68.17,22.74,99.50,5.97,5.47,13.90,18.00,99.70,5.72,13.90
134185,13,188,40495,0.0738,0.5426,368,,141.47,8.36,1.53,63.80,25.41,98.50,61.88,23.88,99.10,3.89,3.88,16.00,18.30,98.80,3.89,16.00
134186,7,189,40507,0.0685,0.4836,353,,119.68,5.13,0.92,65.99,32.89,100.00,64.90,35.64,100.00,5.02,4.04,14.50,17.93,100.00,4.53,14.50
134186,9,189,40509,0.0666,0.5645,424,,134.70,5.90,1.08,73.61,26.81,101.10,72.13,25.06,100.70,6.67,6.78,13.00,18.31,100.90,6.73,13.00
134188,4,191,40539,0.0645,0.6698,519,,127.35,5.64,0.97,72.69,27.47,99.90,68.94,30.46,100.60,7.17,6.85,12.50,17.20,100.25,7.01,12.50
134188,14,191,40549,0.0698,0.5728,410,,119.19,4.78,0.81,66.58,27.38,98.70,64.66,30.56,99.10,6.26,6.20,13.00,16.95,98.90,6.23,13.00
134190,16,193,40587,0.0611,0.3946,323,,85.50,7.25,1.13,72.41,33.87,105.60,74.77,28.50,105.30,6.43,5.88,6.30,15.59,105.45,6.16,6.30
134191,9,194,40598,0.0674,0.2766,205,,89.87,5.48,1.00,56.25,25.86,100.10,56.67,25.48,100.10,2.27,2.26,16.00,18.25,100.10,2.27,16.00
134192,2,195,40609,0.0645,0.6627,514,,132.01,4.74,0.85,62.43,25.19,98.80,62.51,25.27,99.30,4.16,3.95,14.80,17.93,99.05,4.06,14.80
134196,4,199,40683,0.0636,0.4960,390,,105.48,7.38,1.40,71.83,38.20,100.20,69.26,38.98,99.90,5.06,4.91,13.50,18.97,100.05,4.99,13.50
134196,7,199,40686,0.0681,0.4948,363,,133.68,8.27,1.65,59.59,23.59,98.60,58.54,19.43,99.00,1.25,1.19,16.90,19.95,98.80,1.22,16.90
134196,8,199,40687,0.0711,0.7408,521,,136.18,8.93,1.84,61.93,23.69,99.10,61.19,21.02,99.50,1.59,1.63,17.20,20.60,99.30,1.61,17.20
134196,9,199,40688,0.0707,0.6214,439,,132.34,8.56,1.81,57.94,20.24,98.60,57.71,20.18,97.70,1.62,1.36,18.00,21.14,98.15,1.49,18.00
134198,12,201,40727,0.0711,0.3101,218,,98.11,4.14,0.72,72.17,28.04,100.70,71.83,28.06,100.30,6.37,6.25,12.50,17.39,100.50,6.31,12.50
134198,17,201,40732,0.0740,0.3623,245,,122.53,5.43,0.92,70.75,26.15,100.00,71.35,21.66,99.00,5.86,6.94,11.50,16.94,99.50,6.40,11.50
134199,18,202,40751,0.0682,0.4916,360,,118.39,5.18,0.84,70.69,27.33,99.90,69.33,33.60,101.30,5.99,5.13,11.10,16.22,100.60,5.56,11.10
134200,2,203,40753,0.0695,0.3084,222,,110.13,9.14,1.52,72.95,27.46,101.10,73.35,29.41,101.40,6.50,5.38,10.00,16.63,101.25,5.94,10.00
134200,13,203,40764,0.0681,0.6494,477,,135.05,8.11,1.55,63.16,26.56,99.50,61.64,23.14,100.20,3.02,2.85,15.50,19.11,99.85,2.94,15.50
134200,15,203,40766,0.0614,0.3608,294,,90.16,6.27,0.94,55.42,32.17,102.50,55.33,29.37,100.50,2.50,2.83,13.50,14.99,101.50,2.67,13.50
134200,17,203,40768,0.0685,0.4249,310,,100.62,6.53,1.21,70.36,27.28,100.20,71.08,29.62,100.90,5.17,4.96,12.50,18.53,100.55,5.07,12.50
134206,7,209,40866,0.0634,0.3007,237,,92.59,6.71,1.03,63.79,24.13,100.30,61.86,24.02,102.00,5.78,5.28,13.00,15.35,101.15,5.53,13.00
134207,1,210,40878,0.0646,0.3973,308,,94.23,7.28,1.23,72.79,31.46,103.30,71.87,26.91,100.80,5.32,5.20,8.80,16.90,102.05,5.26,8.80
134207,5,210,40882,0.0650,0.4831,372,,91.05,7.47,1.33,73.54,30.13,100.90,72.45,27.88,100.70,5.77,5.16,10.10,17.80,100.80,5.47,10.10
134207,17,210,40894,0.0609,0.4080,335,,130.73,8.87,1.76,64.33,21.47,100.10,63.16,21.97,99.30,2.87,2.63,16.50,19.84,99.70,2.75,16.50
134210,4,213,40935,0.0634,0.8056,635,,156.84,5.65,1.06,69.18,24.25,99.20,69.48,22.90,98.90,5.62,5.43,14.10,18.76,99.05,5.53,14.10
134211,14,214,40963,0.0674,0.3302,245,,106.69,4.98,0.90,72.15,24.07,99.90,71.80,27.07,100.50,6.14,5.60,11.20,18.07,100.20,5.87,11.20
134212,8,215,40975,0.0648,0.4518,349,,115.70,5.32,0.99,73.82,25.23,101.10,73.98,24.38,100.20,7.99,7.39,10.40,18.61,100.65,7.69,10.40
134215,7,218,41028,0.0690,0.6051,438,,108.27,7.01,1.29,71.84,27.42,99.20,72.03,27.29,98.80,6.15,6.12,13.20,18.40,99.00,6.14,13.20
134215,8,218,41029,0.0646,0.6231,482,,124.16,6.79,1.11,73.29,27.57,100.10,72.08,30.46,100.90,6.23,6.88,11.40,16.35,100.50,6.56,11.40
134215,9,218,41030,0.0675,0.7572,561,,118.02,5.59,1.01,71.06,28.08,99.20,71.26,26.46,99.30,6.87,7.21,13.40,18.07,99.25,7.04,13.40
134215,10,218,41031,0.0606,0.5380,444,,118.27,5.13,0.92,72.21,31.15,99.90,69.84,27.47,100.10,6.42,6.40,14.80,17.93,100.00,6.41,14.80
134219,1,222,41094,0.0732,0.2077,142,,94.28,3.95,0.63,67.16,34.10,100.20,65.88,27.24,100.20,6.36,5.63,13.00,15.95,100.20,6.00,13.00
134221,14,224,50032,0.0662,0.4858,367,,122.05,4.48,0.81,72.22,32.11,99.90,71.52,30.14,99.60,6.41,7.37,14.00,18.08,99.75,6.89,14.00
134222,7,225,50043,0.0659,0.4662,354,,83.24,4.25,0.87,72.71,25.62,99.10,73.35,28.38,100.90,6.98,6.13,10.50,20.47,100.00,6.56,10.50
134222,17,225,50053,0.0684,0.5508,403,,116.54,5.83,0.99,71.01,38.74,103.80,71.92,28.35,101.80,7.67,6.99,10.00,16.98,102.80,7.33,10.00
134223,18,226,50072,0.0672,0.5100,379,,101.22,7.23,1.27,74.89,28.73,100.90,73.22,30.24,101.80,7.38,7.64,9.80,17.57,101.35,7.51,9.80
134225,9,228,50098,0.0652,0.4398,337,,103.20,7.57,1.31,73.94,26.45,100.00,74.77,23.94,99.60,7.19,6.42,11.00,17.31,99.80,6.81,11.00
134226,6,229,50114,0.0709,0.4906,346,,109.70,4.90,0.84,71.83,31.34,99.30,72.74,31.40,100.20,7.48,7.59,10.00,17.14,99.75,7.54,10.00
134230,12,233,50191,0.0657,0.4183,318,,88.94,5.02,0.94,70.05,30.20,101.20,69.84,26.69,100.50,6.06,5.81,12.50,18.73,100.85,5.94,12.50
134232,9,235,50224,0.0633,0.6196,489,,124.13,4.54,0.86,70.94,28.85,99.50,71.25,26.52,99.90,7.16,6.26,12.00,18.94,99.70,6.71,12.00
134233,5,235,50231,0.0664,0.3848,290,,95.20,4.76,0.84,71.97,34.64,101.40,71.43,37.17,102.40,7.53,7.74,10.20,17.65,101.90,7.64,10.20
134233,3,236,50236,0.0714,0.3208,225,,101.58,4.62,0.76,73.46,32.73,102.00,74.06,27.03,100.00,8.42,6.89,10.00,16.45,101.00,7.66,10.00
134233,4,236,50237,0.0699,0.5184,371,,110.65,5.25,0.95,72.84,33.76,101.70,73.52,30.48,101.00,7.88,8.05,10.10,18.10,101.35,7.97,10.10
134234,13,237,50264,0.0698,0.3763,270,,118.57,5.84,1.02,72.68,32.49,102.90,74.56,28.52,101.80,5.91,6.42,8.20,17.47,102.35,6.17,8.20
134236,5,239,50292,0.0614,0.4752,387,,128.81,5.09,0.91,71.04,27.96,101.30,72.35,26.99,100.60,7.41,7.61,10.80,17.88,100.95,7.51,10.80
134238,5,241,50322,0.0700,0.2790,199,,95.74,5.13,0.93,76.26,27.63,100.90,75.58,29.38,101.00,6.54,6.66,8.00,18.13,100.95,6.60,8.00
134238,6,241,50323,0.0705,0.2398,170,,95.96,5.36,0.94,75.57,32.41,101.80,75.79,28.70,101.10,5.64,6.39,8.10,17.54,101.45,6.02,8.10
134240,15,243,50368,0.0617,0.6169,500,,93.98,4.49,0.81,71.71,28.91,99.90,72.73,25.33,100.00,6.38,6.26,12.00,18.04,99.95,6.32,12.00
134242,6,245,50395,0.0690,0.3363,244,,82.57,4.21,0.82,73.26,28.08,99.30,72.50,31.90,101.80,6.05,6.32,11.00,19.48,100.55,6.19,11.00
134242,7,245,50396,0.0662,0.3668,277,,83.29,3.68,0.70,70.43,39.52,103.40,71.69,28.98,101.10,6.97,6.95,11.00,19.02,102.25,6.96,11.00
134243,7,246,50414,0.0717,0.4016,280,,103.27,4.92,0.97,74.57,25.31,99.80,72.77,30.21,100.20,6.64,6.28,11.30,19.72,100.00,6.46,11.30
134244,10,247,50434,0.0657,0.6854,522,,129.39,4.78,0.84,67.72,26.88,99.70,67.57,23.87,99.30,7.03,6.18,13.50,17.57,99.50,6.61,13.50
134244,11,247,50435,0.0718,0.7173,500,,125.87,5.25,0.94,70.67,27.34,99.60,71.39,27.49,99.30,6.34,6.61,13.00,17.90,99.45,6.48,13.00
134244,12,247,50436,0.0721,0.6223,432,,128.73,5.82,0.99,69.45,27.44,98.90,70.56,29.94,100.10,6.11,5.22,13.00,17.01,99.50,5.67,13.00
134244,13,247,50437,0.0682,0.7053,517,,132.24,5.55,0.96,70.04,23.67,99.00,69.80,27.14,99.60,7.35,5.47,11.50,17.30,99.30,6.41,11.50
134248,13,251,50508,0.0707,0.1700,120,,74.80,7.05,1.23,69.68,37.33,101.80,71.65,33.92,101.40,6.81,6.28,11.00,17.45,101.60,6.55,11.00
134250,1,253,50532,0.0665,0.6240,469,,140.55,5.33,0.96,74.27,29.23,100.00,74.64,25.26,99.90,5.93,6.92,10.80,18.01,99.95,6.43,10.80
134251,12,254,50559,0.0702,0.7573,539,,137.68,10.07,1.96,72.50,33.45,99.00,74.59,27.50,100.00,8.01,6.99,11.00,19.46,99.50,7.50,11.00
134251,13,254,50560,0.0673,0.6874,511,,132.53,9.88,1.84,73.63,35.78,102.30,75.10,33.08,100.80,7.44,6.51,10.50,18.62,101.55,6.98,10.50
134256,3,259,50639,0.0676,0.5690,421,,134.00,4.73,0.85,71.00,33.45,101.40,73.14,30.91,101.40,9.40,7.42,10.40,17.97,101.40,8.41,10.40
134256,5,259,50641,0.0681,0.6371,468,,140.90,7.71,1.37,70.75,33.09,103.70,72.85,31.20,102.40,7.66,7.38,8.60,17.77,103.05,7.52,8.60
134256,6,259,50642,0.0731,0.6533,447, ,145.00,6.38,1.14,72.22,36.26,104.60,72.45,33.80,104.50,8.26,7.09,10.00,17.87,104.55,7.68,10.00
134256,4,259,50646,0.0724,0.7088,490,,158.20,7.27,1.37,73.11,28.51,99.80,72.45,29.45,100.70,8.34,8.11,12.00,18.84,100.25,8.23,12.00
134257,11,260,50665,0.0658,0.2798,213,,82.74,4.73,0.81,72.71,35.56,102.30,74.08,33.27,102.30,6.77,8.09,9.00,17.12,102.30,7.43,9.00
134258,15,261,50687,0.0668,0.2999,224,,81.11,5.41,0.93,71.08,34.14,104.00,67.75,28.96,101.00,6.06,5.71,10.90,17.19,102.50,5.89,10.90
134260,13,263,50721,0.0701,0.6466,461,,132.29,5.16,1.07,63.59,32.98,100.00,65.29,30.36,100.40,5.28,4.45,15.20,20.74,100.20,4.87,15.20
134260,15,263,50723,0.0716,0.5511,385, ,137.84,6.92,1.34,72.11,30.93,101.80,72.08,38.76,102.70,9.15,6.38,10.40,19.36,102.25,7.77,10.40
134260,17,263,50725,0.0672,0.4262,317,,133.47,6.94,1.37,71.53,36.95,103.10,71.24,39.40,101.50,7.84,6.66,11.20,19.74,102.30,7.25,11.20
134265,2,268,50795,0.0656,0.2859,218,,93.05,4.68,0.88,69.10,33.94,101.40,67.67,38.54,101.50,6.96,5.76,12.50,18.80,101.45,6.36,12.50
134271,16,274,50917,0.0723,0.5250,363,,103.42,5.05,0.97,72.30,29.06,99.80,69.48,35.85,101.30,6.78,6.77,14.00,19.21,100.55,6.78,14.00
134272,12,275,50931,0.0744,0.6685,449,,132.83,5.89,1.24,69.56,24.32,99.10,69.77,27.82,99.90,5.95,5.74,13.30,21.05,99.50,5.85,13.30
134272,13,275,50932,0.0744,0.5839,392,,150.50,6.15,1.32,65.54,28.33,98.70,70.09,24.50,98.70,5.77,5.04,14.00,21.46,98.70,5.41,14.00
134272,14,275,50933,0.0686,0.6936,506,,141.30,5.99,1.23,66.59,27.72,98.90,68.71,28.21,100.00,6.33,4.69,14.50,20.53,99.45,5.51,14.50
134274,9,277,50964,0.0744,0.1793,120,,76.19,5.96,1.08,54.69,24.94,98.60,54.80,25.51,99.20,2.38,2.53,15.50,18.12,98.90,2.46,15.50
134278,10,281,51032,0.0690,0.7418,538,,144.30,9.12,1.79,62.12,31.88,99.10,61.49,27.66,98.50,2.72,2.29,16.00,19.63,98.80,2.51,16.00
134278,12,281,51034,0.0709,0.7155,505,,132.60,7.58,1.50,63.56,32.75,98.40,57.47,26.53,96.50,3.06,3.00,16.30,19.79,97.45,3.03,16.30
134284,7,287,51137,0.0626,0.5137,410,,115.16,5.05,1.03,72.17,31.40,100.10,71.24,31.95,99.90,5.55,6.21,13.00,20.40,100.00,5.88,13.00
134284,8,287,51138,0.0724,0.5526,382,,118.65,6.35,1.22,73.43,31.98,100.60,74.29,30.31,100.70,7.78,7.67,11.00,19.21,100.65,7.73,11.00
134285,10,288,51158,0.0661,0.3244,245,,95.46,6.95,1.34,69.21,33.07,100.00,71.39,28.60,100.40,5.05,5.04,13.70,19.28,100.20,5.05,13.70
134287,15,290,51199,0.0685,0.5169,377,,126.69,4.99,1.00,65.78,23.00,99.10,63.35,26.51,98.20,3.47,3.44,15.00,20.04,98.65,3.46,15.00
134287,16,290,51200,0.0700,0.6582,470,,149.11,5.03,1.02,65.04,32.50,99.90,64.33,30.00,99.70,3.26,3.35,15.40,20.28,99.80,3.31,15.40
134287,17,290,51201,0.0723,1.1422,790,,211.49,7.26,1.53,62.29,25.81,97.90,61.60,27.07,98.10,3.73,3.78,15.20,21.07,98.00,3.76,15.20
134288,1,291,51203,0.0721,0.9096,631,,178.40,11.88,2.40,65.78,25.88,97.50,66.41,26.35,97.20,4.55,4.43,13.50,20.20,97.35,4.49,13.50
134289,3,292,51223,0.0775,0.8109,523,,159.20,5.69,1.12,64.76,25.89,97.20,65.77,23.17,98.30,3.33,3.38,15.00,19.68,97.75,3.36,15.00
134289,5,292,51225,0.0722,0.6335,439,,142.80,4.80,0.98,55.46,22.37,98.30,56.02,24.84,97.20,0.98,0.85,17.50,20.42,97.75,0.92,17.50
134289,6,292,51226,0.0607,0.5639,464,,171.90,5.61,1.14,57.73,24.57,97.30,58.14,26.03,97.80,0.94,0.87,18.50,20.32,97.55,0.91,18.50
134289,7,292,51227,0.0706,0.4252,301,,154.70,5.58,1.13,56.21,23.76,97.90,56.37,24.64,97.90,0.96,0.97,18.00,20.25,97.90,0.97,18.00
134289,8,292,51228,0.0777,0.7254,467,,164.90,5.13,1.01,61.70,27.12,98.70,61.19,27.19,98.20,1.59,1.54,17.50,19.69,98.45,1.57,17.50
134289,9,292,51229,0.0704,0.5150,366,,135.70,4.64,0.84,60.69,32.86,98.70,57.50,26.82,98.70,2.74,2.92,16.00,18.10,98.70,2.83,16.00
134465,4,297,60004,0.0689,0.7068,513, ,125.81,4.69,0.97,60.47,25.58,99.10,56.20,26.21,99.10,1.42,1.58,17.00,20.68,99.10,1.50,17.00
134467,4,299,60040,0.0683,0.4426,324,,86.34,4.72,0.86,62.63,28.81,99.10,64.13,30.53,99.20,3.22,3.33,14.20,18.22,99.15,3.28,14.20
134469,18,301,60090,0.0732,0.4234,289,,94.35,5.12,0.92,66.69,28.54,99.60,64.31,24.51,99.30,3.89,4.11,14.00,17.97,99.45,4.00,14.00
134472,7,304,60132,0.0689,0.7509,545,,125.12,5.06,0.97,71.14,28.44,100.40,70.46,27.38,100.20,4.61,3.93,14.50,19.17,100.30,4.27,14.50
134472,15,304,60140,0.0731,0.4520,309,,102.82,4.73,0.83,71.62,31.43,102.60,71.87,33.11,101.40,5.24,5.64,13.00,17.55,102.00,5.44,13.00
134473,10,305,60153,0.0685,0.6655,486,,111.68,5.09,0.98,71.93,30.82,99.50,72.39,27.53,99.20,4.80,5.44,13.50,19.25,99.35,5.12,13.50
134479,11,306,60172,0.0707,0.6279,444,,113.06,4.34,0.87,60.71,26.77,99.20,62.92,24.50,99.10,2.88,2.55,15.80,20.05,99.15,2.72,15.80
134479,4,311,60255,0.0626,0.4761,380,,83.44,4.38,0.83,68.21,29.57,100.70,66.41,30.30,100.60,4.86,4.96,14.40,18.95,100.65,4.91,14.40
134479,5,311,60256,0.0698,0.3933,282,,77.48,3.84,0.74,64.13,32.52,99.40,64.55,29.35,98.60,3.63,3.67,15.20,19.27,99.00,3.65,15.20
134487,2,319,60396,0.0711,0.3963,279,,81.17,4.21,0.74,54.22,27.26,100.00,56.12,25.96,101.10,2.12,2.53,16.00,17.58,100.55,2.33,16.00
134487,13,319,60407,0.0631,0.6570,521,,108.27,5.43,0.97,73.09,35.86,101.30,72.94,34.04,100.60,6.00,5.04,12.00,17.86,100.95,5.52,12.00
134488,4,320,60416,0.0669,0.5748,430,,111.75,5.45,0.89,73.00,33.57,100.60,72.78,32.95,100.20,6.86,7.18,10.50,16.33,100.40,7.02,10.50
134488,5,320,60417,0.0689,0.4833,351,,111.07,4.72,0.89,66.94,27.28,99.60,65.28,31.78,99.60,3.52,3.15,16.00,18.86,99.60,3.34,16.00
134488,6,320,60418,0.0680,0.5410,398,,108.43,4.67,0.90,71.07,29.65,99.40,68.60,27.63,99.00,4.20,4.28,14.50,19.27,99.20,4.24,14.50
134488,7,320,60419,0.0688,0.4791,348,,105.84,4.62,0.86,69.87,29.31,98.30,69.42,30.09,100.10,4.44,4.24,14.50,18.61,99.20,4.34,14.50
134488,8,320,60420,0.0702,0.5445,388,,117.93,4.72,0.92,71.99,27.72,99.20,71.63,29.88,99.50,4.12,4.36,15.00,19.49,99.35,4.24,15.00
134490,1,322,60449,0.0616,0.6062,492,,96.32,5.29,0.94,72.70,31.93,101.30,72.71,30.45,101.20,4.73,6.71,10.20,17.77,101.25,5.72,10.20
134491,6,323,60472,0.0686,0.5380,392,,105.32,5.42,0.94,72.35,31.97,102.80,72.03,31.80,101.90,5.59,5.53,11.10,17.34,102.35,5.56,11.10
134492,11,324,60495,0.0678,0.6168,455,,114.53,5.42,0.98,70.10,26.26,100.40,69.89,30.79,100.90,5.58,4.95,13.90,18.08,100.65,5.27,13.90
134495,8,327,60545,0.0676,0.5850,433,,104.38,5.16,0.93,70.68,30.13,100.00,71.37,28.24,99.70,5.27,5.07,12.80,18.02,99.85,5.17,12.80
134499,13,331,60620,0.0671,0.4078,304,,82.93,4.62,0.72,62.52,36.14,100.80,56.87,29.94,97.40,5.53,5.20,13.00,15.58,99.10,5.37,13.00
134500,1,332,60626,0.0675,0.5764,427,,113.79,4.86,0.80,71.60,37.60,101.90,71.61,35.20,101.10,6.67,6.45,11.00,16.46,101.50,6.56,11.00
134503,1,335,60676,0.0706,0.7899,559,,129.66,7.30,1.35,70.41,31.16,100.90,71.47,30.55,101.30,6.60,7.08,13.00,18.49,101.10,6.84,13.00
134508,9,340,60773,0.0674,0.6721,499,,127.39,5.80,1.05,72.02,31.43,99.70,70.04,29.75,98.60,5.67,5.35,13.00,18.10,99.15,5.51,13.00
134508,10,340,60774,0.0656,0.7106,542,,128.32,5.71,0.99,70.93,37.15,100.70,70.77,32.97,100.50,5.47,5.96,12.40,17.34,100.60,5.72,12.40
134508,11,340,60775,0.0686,0.7104,518,,119.25,5.96,1.07,72.17,35.03,101.00,71.84,32.66,99.30,5.21,5.77,12.60,17.95,100.15,5.49,12.60
134508,12,340,60776,0.0664,0.7837,590,,119.38,5.18,0.92,68.46,35.19,102.10,69.59,34.03,100.90,6.13,5.99,13.40,17.76,101.50,6.06,13.40
134508,14,340,60778,0.0768,0.5333,347,,121.44,5.17,0.93,68.34,43.77,105.00,72.02,33.72,103.50,6.84,7.04,11.90,17.99,104.25,6.94,11.90
134509,9,341,60791,0.0665,0.4432,333,,77.73,4.10,0.74,70.47,36.91,102.30,70.75,32.54,101.70,6.53,5.77,12.20,18.05,102.00,6.15,12.20
134509,16,341,60798,0.0712,0.4228,297,,92.74,3.56,0.57,61.09,32.39,100.70,61.68,26.62,99.60,4.29,4.06,14.00,16.01,100.15,4.18,14.00
134513,12,345,60865,0.0667,0.7242,543,,136.30,6.48,1.30,65.95,47.30,104.70,71.50,34.32,101.60,6.03,5.80,13.20,20.06,103.15,5.92,13.20
134515,9,347,60898,0.0674,0.7285,540,,122.79,4.10,0.72,73.82,30.79,101.20,70.88,29.22,100.00,6.50,6.21,11.00,17.56,100.60,6.36,11.00
134516,15,348,60921,0.0521,0.4871,467,,107.97,5.66,0.95,70.46,37.35,101.70,70.92,35.95,103.40,5.60,4.85,10.50,16.78,102.55,5.23,10.50
134516,17,348,60923,0.0666,0.5355,402,,113.45,5.08,0.85,69.91,33.68,101.30,68.36,30.56,102.00,4.52,5.10,11.20,16.73,101.65,4.81,11.20
134519,10,351,60970,0.0685,0.5342,390,,118.21,5.44,1.03,69.39,26.87,99.60,69.20,27.02,99.60,4.18,4.86,14.40,18.93,99.60,4.52,14.40
134520,4,352,60982,0.0726,0.5935,409,,132.65,5.91,1.07,63.01,29.84,98.90,63.04,28.83,97.30,4.07,4.33,14.70,18.10,98.10,4.20,14.70
134520,14,352,60992,0.0700,0.5251,375,,116.63,5.04,0.94,67.93,40.92,100.30,69.96,31.21,98.80,5.54,5.92,13.40,18.65,99.55,5.73,13.40
134520,17,352,60995,0.0696,0.4341,312,,97.09,4.70,0.86,67.51,37.39,100.20,66.87,31.32,99.10,5.18,4.58,14.00,18.30,99.65,4.88,14.00
134521,14,353,61010,0.0629,0.4695,373,,115.02,5.62,1.05,71.89,28.62,99.00,70.01,34.40,99.70,5.45,5.48,12.20,18.68,99.35,5.47,12.20
134521,17,353,61013,0.0636,0.6968,548,,134.90,5.09,1.02,61.11,31.75,99.90,62.61,30.58,99.50,1.85,1.65,17.20,20.04,99.70,1.75,17.20
134521,18,353,61014,0.0675,0.6675,494,,140.00,4.71,1.02,58.68,25.28,98.60,55.61,26.45,97.80,1.20,1.15,18.70,21.66,98.20,1.18,18.70
134524,9,356,61058,0.0689,0.4944,359,,125.38,5.14,0.91,61.98,26.30,99.00,58.07,23.37,98.90,2.59,2.42,15.50,17.70,98.95,2.51,15.50
134526,15,358,61099,0.0512,0.2748,268,,66.35,3.90,0.61,71.55,29.84,102.50,71.44,28.45,103.90,5.30,4.78,13.00,15.64,103.20,5.04,13.00
134605,17,437,70069,0.0521,0.3316,318,,114.42,7.88,1.45,70.26,23.83,99.00,69.00,30.59,99.70,6.85,6.81,12.90,18.40,99.35,6.83,12.90
134605,16,437,70070,0.0669,0.5052,378,,133.69,7.65,1.43,70.92,26.74,99.10,71.98,26.76,99.80,5.98,6.54,12.50,18.69,99.45,6.26,12.50
134606,6,438,70077,0.0314,0.4132,658,,99.73,4.37,0.78,60.18,24.24,98.90,60.37,21.15,99.20,2.40,2.58,15.70,17.85,99.05,2.49,15.70
134606,8,438,70079,0.0640,0.6662,520,,75.81,4.15,0.72,67.67,29.05,99.10,66.65,23.33,98.50,3.82,4.15,14.70,17.35,98.80,3.99,14.70
134608,5,440,70111,0.0707,0.2235,158,,105.22,5.61,0.91,67.24,24.83,99.70,66.79,27.97,99.50,5.21,5.95,12.20,16.22,99.60,5.58,12.20
134613,8,445,70200,0.0768,0.5540,361,,128.73,8.36,1.49,69.26,24.50,98.40,71.34,29.13,99.30,6.33,6.20,12.70,17.82,98.85,6.27,12.70
134620,7,452,70325,0.0702,0.1444,103,,86.11,5.88,1.00,72.22,30.81,100.90,72.42,33.24,100.90,5.72,6.56,10.10,17.01,100.90,6.14,10.10
134623,2,455,70374,0.0709,0.4217,297,,112.48,6.27,1.20,68.12,28.67,98.80,67.69,30.86,99.20,3.61,3.24,14.80,19.14,99.00,3.43,14.80
134623,4,455,70376,0.0697,0.4995,358,,117.90,6.72,1.33,68.29,30.23,99.60,68.44,27.11,99.30,5.36,5.11,15.00,19.79,99.45,5.24,15.00
134623,7,455,70379,0.0900,0.6184,344, ,113.66,5.72,1.11,68.85,26.83,98.70,70.26,28.80,99.30,6.36,5.86,14.60,19.41,99.00,6.11,14.60
134623,8,455,70380,0.0641,0.5435,424,,107.36,6.63,1.20,65.11,27.15,100.00,65.13,27.03,99.80,4.95,5.12,15.50,18.10,99.90,5.04,15.50
134623,9,455,70381,0.0841,0.8130,483,,150.24,6.96,1.34,68.91,24.99,98.90,70.91,31.13,99.80,7.25,6.12,14.50,19.25,99.35,6.69,14.50
134623,11,455,70383,0.0747,0.6966,466,,137.20,6.75,1.36,65.49,25.41,98.90,65.37,25.37,99.60,6.03,6.35,15.80,20.15,99.25,6.19,15.80
134623,17,455,70389,0.0657,0.2862,218,,91.69,5.70,1.04,70.62,35.43,100.10,70.31,34.07,102.00,6.67,6.87,12.10,18.25,101.05,6.77,12.10
134624,12,456,70402,0.0343,0.5087,742,,114.34,5.75,1.15,63.68,31.88,97.70,64.04,30.02,98.60,2.93,2.77,16.50,20.00,98.15,2.85,16.50
134625,13,457,70420,0.0436,0.7161,821,,134.50,4.17,0.80,67.19,27.53,99.00,67.26,25.50,98.70,3.15,3.08,15.40,19.18,98.85,3.12,15.40
134625,14,457,70421,0.0803,0.5221,325,,126.71,5.51,1.06,65.16,25.32,98.20,64.95,25.12,98.70,3.70,3.23,15.30,19.24,98.45,3.47,15.30
134625,15,457,70422,0.0735,0.5616,382,,82.92,5.87,1.13,69.15,25.99,99.50,67.72,27.49,99.10,4.77,4.29,14.50,19.25,99.30,4.53,14.50
134627,11,459,704471,0.0755,0.1403,93,,127.37,5.78,1.11,64.20,25.21,98.00,66.61,27.84,99.20,4.58,4.29,15.30,19.20,98.60,4.44,15.30
134630,12,462,70501,0.0679,0.3661,270,,89.65,4.47,0.86,59.31,29.76,98.80,60.11,28.06,100.00,1.92,1.66,16.80,19.24,99.40,1.79,16.80
134631,4,463,70511,0.0612,0.5512,450,,108.94,6.11,1.23,65.20,27.25,99.30,63.40,28.26,98.80,3.07,3.62,16.30,20.13,99.05,3.35,16.30
134631,10,463,70517,0.0714,0.5344,374,,148.25,7.74,1.48,65.75,41.51,101.80,66.25,39.12,100.20,5.20,4.94,15.10,19.12,101.00,5.07,15.10
134636,11,468,70606,0.0662,0.5951,449,,128.49,6.03,1.17,64.44,28.65,99.50,65.21,31.39,100.00,3.39,3.36,15.90,19.40,99.75,3.38,15.90
134638,13,470,70643,0.0704,0.5521,392,,133.41,7.57,1.43,65.92,27.44,99.20,66.38,29.55,99.40,3.60,3.51,14.60,18.89,99.30,3.56,14.60
134639,1,471,70649,0.0731,0.3691,252,,114.55,6.76,1.29,69.77,27.56,99.20,70.11,23.59,99.00,6.59,5.41,13.10,19.08,99.10,6.00,13.10
134641,11,473,70693,0.0665,0.5009,377,,128.55,6.48,1.25,70.37,28.04,99.40,69.80,27.42,100.40,5.63,5.47,13.80,19.29,99.90,5.55,13.80
134643,15,476,70737,0.0705,0.5571,395,,119.15,5.69,1.08,62.67,24.67,99.70,61.37,30.94,99.00,3.36,3.09,15.40,18.98,99.35,3.23,15.40
134644,4,476,70738,0.0698,0.6841,490,,134.86,6.97,1.27,66.99,27.51,99.50,67.92,30.26,100.40,4.96,4.52,14.10,18.22,99.95,4.74,14.10
134644,18,476,70752,0.0673,0.6516,484,,135.56,8.00,1.49,66.36,24.47,98.50,66.67,25.93,98.70,3.96,3.86,15.20,18.63,98.60,3.91,15.20
134645,1,477,70753,0.0660,0.6156,466,,137.28,5.93,1.09,60.53,25.32,98.60,57.90,20.76,98.20,2.10,2.49,15.50,18.38,98.40,2.30,15.50
134645,3,477,70755,0.0678,0.5504,406, ,122.22,5.98,1.07,58.85,27.21,97.90,59.44,25.17,98.40,2.67,2.22,15.20,17.89,98.15,2.45,15.20
134646,10,478,70780,0.0722,0.1318,91,,69.99,3.94,0.69,58.32,28.64,99.60,58.31,26.58,100.10,2.28,2.54,15.90,17.51,99.85,2.41,15.90
134648,13,480,70819,0.0666,0.3716,279,,91.70,5.61,1.07,67.22,29.83,99.10,65.67,27.31,99.50,3.90,3.54,14.80,19.07,99.30,3.72,14.80
134648,18,480,708201,0.0701,0.5319,379,,103.15,6.43,1.23,69.50,27.06,98.70,70.84,26.78,99.30,6.05,5.77,13.30,19.13,99.00,5.91,13.30
134652,9,484,70883,0.0324,0.2486,384,,70.35,4.74,0.87,64.04,28.11,98.40,64.27,30.59,99.60,4.08,4.35,14.70,18.35,99.00,4.22,14.70
134654,17,486,70926,0.0695,0.4197,302,,105.08,6.55,1.22,66.81,30.27,99.60,67.07,26.94,99.40,4.53,4.00,14.80,18.63,99.50,4.27,14.80
134656,9,488,70954,0.0420,0.3279,390,,113.01,6.04,1.11,65.44,27.32,99.40,65.83,30.19,99.60,5.21,4.58,14.60,18.38,99.50,4.90,14.60
134657,3,489,70966,0.0696,0.3174,228,,108.55,6.60,1.21,65.31,22.92,98.80,65.03,23.84,99.10,5.44,5.02,14.00,18.33,98.95,5.23,14.00
134657,4,489,70967,0.0697,0.3277,235,,110.45,7.00,1.27,67.41,22.92,99.10,67.60,22.98,99.00,5.80,5.86,13.30,18.14,99.05,5.83,13.30
134657,11,489,70974,0.0709,0.5948,419,,107.96,5.68,1.07,58.81,25.19,98.20,59.01,23.34,98.30,2.62,2.79,15.40,18.84,98.25,2.71,15.40
134657,13,489,70976,0.0749,0.3366,225,,96.82,5.15,0.92,53.95,22.84,98.40,55.04,24.49,98.50,1.59,1.59,15.00,17.86,98.45,1.59,15.00
134661,2,493,71036,0.0733,0.5700,389,,108.57,6.94,1.24,72.53,26.92,99.90,71.39,25.03,98.70,6.69,6.38,12.00,17.87,99.30,6.54,12.00
134663,18,495,71087,0.0609,0.5734,471,,121.06,6.42,1.20,68.59,23.94,98.70,68.11,24.07,98.80,5.28,5.63,14.50,18.69,98.75,5.46,14.50
134664,3,496,71090,0.0667,0.3685,276,,96.69,5.28,0.99,60.83,27.31,97.80,61.81,22.80,99.20,3.10,2.69,16.00,18.75,98.50,2.90,16.00
134664,12,496,71099,0.0650,0.6450,496,,151.31,8.17,1.51,66.54,25.38,97.90,63.19,23.22,94.70,5.35,5.39,14.00,18.48,96.30,5.37,14.00
134664,14,496,71101,0.0682,0.6466,474,,154.31,7.35,1.40,67.42,26.27,98.40,68.21,23.80,98.40,4.18,5.09,16.20,19.05,98.40,4.64,16.20
134664,15,496,71102,0.0664,0.6527,491,,154.33,8.56,1.55,67.31,24.28,98.90,65.01,26.55,97.70,5.59,4.96,16.20,18.11,98.30,5.28,16.20
134667,17,499,71157,0.0741,0.5315,359,,137.79,6.11,1.17,64.39,27.54,99.30,59.07,30.09,98.80,2.60,2.34,16.30,19.15,99.05,2.47,16.30
134669,1,501,71177,0.0762,0.4222,277,,125.72,6.99,1.28,62.78,21.91,99.60,64.80,23.27,99.90,4.22,5.29,14.90,18.31,99.75,4.76,14.90
134533,14,365,80049,0.0640,0.7295,570,,124.48,5.46,0.93,69.97,31.52,101.60,71.66,25.96,100.20,6.56,6.69,13.10,17.03,100.90,6.63,13.10
134534,1,366,80054,0.0723,0.7345,508,,126.95,5.12,0.92,65.64,32.56,99.90,65.85,28.17,99.10,5.37,5.36,14.20,17.97,99.50,5.37,14.20
134534,2,366,80055,0.0682,0.6943,509,,115.67,4.65,0.87,64.91,30.41,98.50,66.50,31.17,98.70,4.16,3.91,15.70,18.71,98.60,4.04,15.70
134534,4,366,80057,0.0796,0.7686,483,,114.41,4.75,0.93,60.92,28.46,98.80,61.51,28.88,99.60,3.82,4.40,16.40,19.58,99.20,4.11,16.40
134534,5,366,80058,0.0775,0.7169,463,,122.28,5.07,1.01,55.81,35.33,98.20,55.65,32.63,94.60,2.82,2.83,17.30,19.92,96.40,2.83,17.30
134534,8,366,80061,0.0730,0.6187,424,,123.14,4.87,0.98,62.05,24.43,98.80,60.26,30.46,99.90,4.32,3.35,16.20,20.12,99.35,3.84,16.20
134534,9,366,80062,0.0758,0.6181,408,,102.44,4.45,0.85,56.87,23.06,97.50,58.00,24.30,99.20,2.13,2.00,16.70,19.10,98.35,2.07,16.70
134535,2,367,80073,0.0712,0.4985,350,,116.68,5.09,0.98,66.19,23.84,98.70,66.69,25.97,99.30,3.39,3.45,16.00,19.25,99.00,3.42,16.00
134537,3,369,80110,0.0805,0.6971,433,,123.20,5.14,0.95,66.25,28.34,99.10,64.78,30.71,98.60,5.17,5.55,14.70,18.48,98.85,5.36,14.70
134538,10,370,80135,0.0765,0.5629,368,,117.03,4.50,0.85,68.73,35.64,99.90,68.70,31.34,98.70,5.51,5.86,13.60,18.89,99.30,5.69,13.60
134538,13,370,80138,0.0784,0.8642,551,,152.71,6.03,1.09,68.35,26.75,98.40,68.63,26.88,98.80,5.59,5.57,14.20,18.08,98.60,5.58,14.20
134539,3,371,80146,0.0583,0.6483,556,,90.78,4.03,0.69,53.64,26.82,99.60,52.95,24.40,98.80,1.13,1.19,15.80,17.12,99.20,1.16,15.80
134539,10,371,80153,0.0702,0.7221,514,,125.19,4.62,0.86,60.71,26.75,100.40,59.59,24.65,99.10,2.23,2.52,16.70,18.61,99.75,2.38,16.70
134539,15,371,80158,0.0725,0.6661,459,,100.94,3.95,0.83,59.24,28.18,98.30,60.69,25.29,99.00,1.59,1.19,17.60,21.01,98.65,1.39,17.60
134542,9,374,80206,0.0650,0.7619,586,,120.18,4.97,0.93,65.22,25.19,98.90,67.00,28.43,100.50,5.62,5.12,14.90,18.71,99.70,5.37,14.90
134543,11,375,80226,0.0712,0.7064,496,,122.25,4.63,0.92,66.47,28.32,98.80,66.38,27.34,99.70,4.09,4.85,15.30,19.87,99.25,4.47,15.30
134543,15,375,80230,0.0770,0.8505,552,,131.66,5.71,1.07,67.20,28.00,100.50,67.68,30.46,100.50,5.89,5.88,14.00,18.74,100.50,5.89,14.00
134543,16,375,80231,0.0695,0.6985,503,,106.60,4.43,0.82,67.95,23.18,99.00,65.74,27.34,99.70,4.42,4.86,14.50,18.51,99.35,4.64,14.50
134543,17,375,80232,0.0735,0.6929,471,,108.04,4.45,0.85,67.16,27.47,100.00,67.47,27.18,100.00,5.77,5.82,14.00,19.10,100.00,5.80,14.00
134544,1,376,80234,0.0672,0.5278,393,,65.51,2.90,0.54,63.29,23.00,101.40,61.72,22.58,101.20,4.51,4.19,14.60,18.62,101.30,4.35,14.60
134544,2,376,80235,0.0704,0.6756,480,,104.24,4.63,0.88,64.90,28.11,99.60,62.92,29.62,100.70,4.13,3.98,15.20,19.01,100.15,4.06,15.20
134544,3,376,80236,0.0631,0.7305,579,,114.32,4.54,0.86,60.93,34.02,100.70,60.00,28.08,98.70,3.58,3.65,15.60,18.94,99.70,3.62,15.60
134544,4,376,80237,0.0823,0.3991,242,,98.22,4.19,0.78,61.38,23.43,99.10,58.67,24.64,99.60,3.97,3.91,15.40,18.62,99.35,3.94,15.40
134544,6,376,80239,0.0753,0.7577,503,,129.80,4.76,0.92,66.83,31.06,99.50,65.40,26.72,99.20,4.27,4.32,15.30,19.33,99.35,4.30,15.30
134545,12,377,80263,0.0718,0.4372,304,,105.40,5.43,1.02,69.20,26.34,99.90,67.53,22.59,99.40,5.40,4.55,13.70,18.78,99.65,4.98,13.70
134546,15,378,80284,0.0663,0.6230,470,,114.59,5.31,1.01,67.21,27.23,99.20,67.36,27.19,100.00,4.44,4.44,14.20,19.02,99.60,4.44,14.20
134547,4,379,80291,0.0689,0.6646,482,,106.05,4.70,0.86,68.36,30.83,99.20,68.35,26.96,99.50,5.57,5.25,13.60,18.30,99.35,5.41,13.60
134547,10,379,80297,0.0633,0.2444,193,,65.03,3.53,0.64,60.64,35.69,101.10,61.55,35.54,100.30,3.74,4.24,15.00,18.13,100.70,3.99,15.00
134547,16,379,80303,0.0744,0.6003,403,,95.97,4.88,0.88,68.75,27.20,99.40,66.13,27.23,99.90,4.97,4.54,14.00,18.03,99.65,4.76,14.00
134547,17,379,80304,0.0705,0.4127,293,,78.50,4.06,0.73,65.09,29.19,100.60,63.03,31.58,100.70,4.38,4.41,14.30,17.98,100.65,4.40,14.30
134548,13,380,80318,0.0641,0.6894,538,,109.89,4.72,0.96,66.49,27.03,99.00,66.12,35.20,99.30,3.49,3.80,16.30,20.34,99.15,3.65,16.30
134548,14,380,80319,0.0700,0.6620,473,,124.47,4.92,0.98,62.96,29.68,99.20,65.33,28.70,99.40,3.02,2.90,16.40,19.92,99.30,2.96,16.40
134548,15,380,80320,0.0879,0.6656,379,,118.71,4.33,0.87,64.41,28.26,100.10,62.20,30.60,98.00,2.17,2.37,16.40,20.09,99.05,2.27,16.40
134550,2,382,80343,0.0728,0.8029,551,,139.49,5.02,0.96,58.27,26.91,97.60,59.05,25.30,98.20,2.21,2.08,14.40,19.12,97.90,2.15,14.40
134551,12,383,80371,0.0667,0.6921,519,,122.66,6.39,1.18,68.21,30.69,97.80,70.06,29.46,99.00,6.39,4.76,14.00,18.47,98.40,5.58,14.00
134552,18,384,80395,0.0611,0.5762,472,,102.16,4.85,0.87,63.53,29.58,98.90,65.17,30.27,98.70,5.38,5.21,14.70,17.94,98.80,5.30,14.70
134553,7,385,80402,0.0713,0.5390,378,,115.97,5.33,0.88,63.68,32.08,98.70,65.93,30.10,98.60,5.22,4.93,14.50,16.51,98.65,5.08,14.50
134556,14,388,80463,0.0645,0.7327,568,,131.86,5.66,1.06,65.51,27.74,98.50,67.98,28.22,98.60,4.68,4.70,14.70,18.73,98.55,4.69,14.70
134560,10,392,80531,0.0661,0.5043,381,,78.50,4.52,0.90,67.64,32.54,102.80,67.70,27.72,99.90,5.29,6.21,13.20,19.91,101.35,5.75,13.20
134561,1,393,80540,0.0738,0.4367,296,,101.87,4.99,0.90,74.54,29.56,100.90,72.99,29.38,100.80,6.06,5.36,9.20,18.04,100.85,5.71,9.20
134561,10,393,80549,0.0678,0.2420,178,,68.90,4.39,0.80,71.31,39.47,105.80,71.72,36.10,101.70,4.99,5.80,9.50,18.22,103.75,5.40,9.50
134561,11,393,80550,0.0682,0.2241,164,,69.73,4.35,0.79,71.91,37.34,101.90,70.50,33.50,102.30,5.10,5.98,9.50,18.16,102.10,5.54,9.50
134567,17,399,80664,0.0689,0.3598,261,,82.74,4.27,0.73,61.60,28.49,100.50,61.34,29.90,96.80,4.23,4.16,15.00,17.10,98.65,4.20,15.00
134569,4,401,80687,0.0680,0.5674,417,,117.04,5.21,0.93,68.92,33.14,99.90,67.97,31.15,100.20,4.88,5.21,13.40,17.85,100.05,5.05,13.40
134570,3,402,80704,0.0622,0.6868,552,,99.94,4.44,0.88,71.90,29.24,100.50,71.40,26.13,99.50,5.90,5.50,14.30,19.82,100.00,5.70,14.30
134570,17,402,80718,0.0691,0.8010,580,,123.59,4.78,0.98,55.88,24.86,98.60,57.01,26.08,98.70,1.51,1.47,17.50,20.50,98.65,1.49,17.50
134572,12,404,80749,0.0665,0.6249,470,,81.96,4.30,0.73,71.78,25.62,99.40,71.57,22.74,100.50,5.54,5.48,12.40,16.98,99.95,5.51,12.40
134575,14,407,80805,0.0619,0.5165,417,,72.42,4.05,0.62,72.43,33.60,105.90,73.09,33.72,104.10,6.03,6.36,8.10,15.31,105.00,6.20,8.10
134575,15,407,80806,0.0594,0.4931,415,,77.25,4.49,0.67,71.07,32.71,103.80,73.17,32.64,105.40,6.38,5.38,7.70,14.92,104.60,5.88,7.70
134575,16,407,80807,0.0589,0.4606,391,,71.43,4.26,0.64,72.68,34.43,103.50,73.24,32.05,103.00,5.40,5.45,7.60,15.02,103.25,5.43,7.60
134575,18,407,80809,0.0609,0.5755,472,,82.62,4.96,0.71,62.67,38.65,106.60,68.94,35.71,104.90,4.88,5.19,8.50,14.31,105.75,5.04,8.50
134579,14,411,80877,0.0700,0.4840,346,,110.47,5.17,1.00,70.41,23.76,99.90,69.50,22.57,99.30,4.39,4.25,14.80,19.34,99.60,4.32,14.80
134580,5,412,80886,0.0735,0.4184,285,,109.04,4.63,0.91,67.46,21.77,99.50,65.82,25.42,99.10,4.77,4.25,15.50,19.65,99.30,4.51,15.50
134581,11,413,80910,0.0753,0.7467,496,,126.75,5.43,1.05,64.50,35.31,98.70,63.21,35.30,97.60,4.79,4.74,15.20,19.34,98.15,4.77,15.20
134586,5,418,80992,0.0665,0.4201,316,,92.91,5.31,0.91,71.57,36.47,102.40,69.88,39.16,102.90,6.23,5.83,11.00,17.14,102.65,6.03,11.00
134588,11,420,81034,0.0698,0.7430,532,,117.07,4.84,0.88,58.41,25.12,99.60,59.27,23.44,99.90,4.05,4.18,15.40,18.18,99.75,4.12,15.40
134591,17,423,81093,0.0661,0.8459,640,,129.13,5.50,1.01,68.79,25.57,98.60,69.16,25.56,98.20,4.98,4.90,15.10,18.36,98.40,4.94,15.10
134594,11,426,81141,0.0706,0.6651,471,,136.71,5.65,1.16,66.86,27.52,99.90,65.18,28.76,99.20,3.81,2.91,17.00,20.53,99.55,3.36,17.00
134595,5,427,81151,0.0575,0.7084,616,,113.26,4.07,0.83,54.70,20.75,99.10,55.55,23.64,99.10,1.00,1.08,18.50,20.39,99.10,1.04,18.50
134595,9,427,81155,0.0714,0.6806,477,,128.69,4.34,0.83,58.31,23.97,98.60,58.54,25.02,98.50,1.50,1.41,17.90,19.12,98.55,1.46,17.90
134597,14,429,81196,0.0664,0.2633,198,,73.40,4.33,0.74,63.81,27.67,100.50,64.08,27.53,100.90,5.25,5.63,13.60,17.09,100.70,5.44,13.60
134598,9,430,81209,0.0680,0.4060,299,,89.10,4.59,0.87,69.85,26.33,100.20,70.93,24.95,99.90,6.65,6.72,12.90,18.95,100.05,6.69,12.90
134598,17,430,81217,0.0692,0.2246,162,,77.75,4.54,0.76,63.82,29.46,101.40,62.59,25.74,100.70,4.76,5.28,13.60,16.74,101.05,5.02,13.60
134599,6,431,81224,0.0670,0.6078,454,,106.15,4.71,0.90,62.48,26.62,99.30,61.88,24.55,99.60,3.89,3.52,16.00,19.11,99.45,3.71,16.00
134599,11,431,81229,0.0655,0.4086,312,,98.39,5.00,0.88,59.98,25.50,100.10,61.82,23.81,100.70,4.54,4.69,15.20,17.60,100.40,4.62,15.20
134672,13,504,90013,0.0708,0.1191,84,,59.13,4.24,0.80,57.50,25.24,98.30,53.48,22.81,96.20,2.12,2.08,16.20,18.87,97.25,2.10,16.20
134678,15,510,90122,0.0690,0.4657,337,,129.47,6.55,1.25,58.27,20.15,99.10,58.59,20.10,98.60,1.38,1.47,16.20,19.08,98.85,1.43,16.20
134679,6,511,90131,0.0668,0.6482,485,,143.53,7.59,1.48,62.40,23.15,98.60,61.72,19.31,98.70,2.66,2.68,16.20,19.50,98.65,2.67,16.20
134679,12,511,90142,0.0712,0.3031,213,,147.49,7.49,1.48,66.54,23.46,98.30,67.05,22.24,98.50,4.15,3.58,15.30,19.76,98.40,3.87,15.30
134680,5,512,90148,0.0651,0.3936,302,,87.15,4.67,0.91,59.02,26.04,99.50,57.65,25.90,99.00,2.13,1.75,16.70,19.49,99.25,1.94,16.70
134684,6,516,90221,0.0675,0.4855,360,,92.14,5.10,0.94,60.95,26.79,98.60,65.12,28.94,99.10,2.45,2.92,15.50,18.43,98.85,2.69,15.50
134684,10,516,90225,0.0680,0.4929,362,,111.05,5.56,1.00,64.17,28.39,99.10,64.16,25.53,98.70,4.31,4.95,16.10,17.99,98.90,4.63,16.10
134686,14,518,90265,0.0618,0.1126,91,,68.82,5.56,0.93,54.16,24.68,99.30,54.62,28.93,99.20,2.60,2.52,14.90,16.73,99.25,2.56,14.90
134687,9,519,90278,0.0650,0.4759,366,,124.61,7.34,1.42,66.42,29.53,95.50,69.23,22.92,99.80,6.85,5.08,14.20,19.35,97.65,5.97,14.20
134687,15,520,90288,0.0664,0.2175,164,,81.63,5.59,1.04,68.28,28.13,99.50,66.78,29.23,97.90,4.51,4.50,14.00,18.60,98.70,4.51,14.00
134689,2,521,90307,0.0656,0.6732,513, ,124.94,6.76,1.24,57.88,22.33,98.90,56.15,22.91,98.10,1.94,2.06,15.60,18.34,98.50,2.00,15.60
134692,7,524,90356,0.0640,0.2552,199,,60.95,4.19,0.78,70.75,30.73,99.50,68.95,23.70,99.30,6.13,5.62,12.60,18.62,99.40,5.88,12.60
134692,11,524,90360,0.0670,0.5783,432,,110.73,5.87,1.12,68.64,27.56,99.20,66.61,24.33,98.80,4.55,4.02,14.50,19.08,99.00,4.29,14.50
134693,15,525,90382,0.0648,0.4497,347,,109.07,6.35,1.18,68.28,25.90,98.20,68.69,22.71,100.70,5.92,5.13,14.30,18.58,99.45,5.53,14.30
134697,2,529,90440,0.0631,0.4992,396,,86.10,4.70,0.92,61.06,25.08,99.00,60.56,24.01,99.90,1.81,1.95,16.50,19.57,99.45,1.88,16.50
134699,1,531,90475,0.0706,0.2205,156,,90.21,6.17,1.04,57.00,22.47,97.30,56.74,23.50,99.00,2.34,1.74,15.10,16.86,98.15,2.04,15.10
134699,6,531,90480,0.0644,0.3518,273,,94.06,5.37,0.90,57.35,28.12,98.90,57.26,25.31,99.30,1.95,2.11,15.10,16.76,99.10,2.03,15.10
134699,7,531,90481,0.0655,0.4994,381,,105.00,5.33,0.99,67.90,25.75,100.30,69.03,23.37,100.00,5.99,5.58,13.80,18.57,100.15,5.79,13.80
134701,17,533,90527,0.0781,0.4412,282,,99.13,7.30,1.37,65.74,26.19,99.00,67.47,23.94,99.10,5.59,5.03,14.50,18.77,99.05,5.31,14.50
134702,12,534,90540,0.0658,0.4542,345,,74.88,5.39,1.05,71.78,32.78,101.40,72.27,33.42,100.70,6.45,6.76,11.40,19.48,101.05,6.61,11.40
134702,13,534,90541,0.0690,0.4031,292,,106.66,7.75,1.34,71.89,28.82,100.10,71.82,25.86,100.00,5.46,6.43,12.20,17.29,100.05,5.95,12.20
134703,17,535,90563,0.0559,0.5265,471,,89.99,7.50,1.32,64.48,27.39,101.40,65.43,29.15,100.70,4.85,4.89,13.50,17.60,101.05,4.87,13.50
134704,8,536,90572,0.0692,0.6317,456,,100.99,6.12,1.13,68.58,23.64,99.60,67.19,30.52,101.70,5.46,5.47,15.00,18.46,100.65,5.47,15.00
134705,2,537,90583,0.0677,0.6010,444,,104.28,6.94,1.25,69.51,28.72,99.90,69.72,25.89,99.60,6.59,6.66,12.60,18.01,99.75,6.63,12.60
134705,9,537,90590,0.0718,0.4391,306,,101.85,5.79,1.08,67.02,22.82,99.60,66.41,21.77,99.10,3.97,4.19,14.60,18.65,99.35,4.08,14.60
134705,11,537,90592,0.0679,0.7190,529,,121.64,6.72,1.20,67.34,31.52,98.70,68.02,30.75,99.80,5.23,4.71,14.60,17.86,99.25,4.97,14.60
134706,10,538,90609,0.0657,0.4346,331,,90.46,5.66,1.02,71.08,29.15,99.30,69.65,30.89,98.90,5.89,5.19,13.20,18.02,99.10,5.54,13.20
134711,12,543,90701,0.0627,0.4896,390,,115.94,5.84,1.11,59.68,23.53,99.30,59.45,21.37,99.00,2.19,1.97,16.50,19.01,99.15,2.08,16.50
134711,15,543,90704,0.0651,0.3193,245,,99.53,5.58,0.98,63.51,30.48,101.00,63.96,26.79,100.20,3.72,3.52,14.90,17.56,100.60,3.62,14.90
134711,16,543,90705,0.0626,0.3554,284,,88.44,5.57,0.97,65.33,30.94,99.60,64.03,29.02,101.10,4.34,4.81,14.40,17.41,100.35,4.58,14.40
134711,18,543,90707,0.0670,0.6291,469,,130.56,6.66,1.23,69.93,27.70,99.60,70.22,28.19,100.10,6.03,6.15,13.40,18.47,99.85,6.09,13.40
134713,9,545,90734,0.0668,0.5267,394,,109.34,6.39,1.19,59.92,26.03,98.70,61.36,23.58,99.30,3.55,3.26,15.60,18.62,99.00,3.41,15.60
134715,6,547,90767,0.0698,0.4992,358,,99.33,5.40,0.99,57.43,25.08,99.50,57.98,21.01,99.30,2.35,2.76,15.20,18.33,99.40,2.56,15.20
134715,8,547,90769,0.0749,0.2299,153,,74.07,4.39,0.73,54.85,24.50,99.50,56.67,22.38,100.10,3.24,3.00,14.50,16.63,99.80,3.12,14.50
134716,3,548,90782,0.0654,0.6335,484,,117.57,6.15,1.08,67.32,27.35,99.10,64.88,24.18,99.30,5.55,4.56,14.20,17.56,99.20,5.06,14.20
134717,9,549,90806,0.0643,0.5342,415,,118.71,7.25,1.36,63.18,22.26,99.50,62.63,22.15,99.00,2.46,2.66,15.20,18.76,99.25,2.56,15.20
134718,8,550,90823,0.0672,0.9106,678,,160.79,6.92,1.42,62.11,25.64,98.70,61.40,23.57,99.20,2.06,1.78,16.40,20.52,98.95,1.92,16.40
134719,1,551,90834,0.0613,0.2329,190,,78.43,5.30,0.91,69.56,27.54,100.60,68.18,30.06,99.60,6.12,6.06,12.60,17.17,100.10,6.09,12.60
134723,1,555,90906,0.0651,0.3989,306,,115.57,6.04,1.00,60.41,24.54,99.40,62.43,25.03,99.50,3.85,4.17,15.20,16.56,99.45,4.01,15.20
134723,11,555,90916,0.0761,0.7023,461,,134.55,6.92,1.25,67.04,26.55,98.50,65.47,24.54,98.30,4.26,3.50,14.80,18.06,98.40,3.88,14.80
134723,15,555,90920,0.0692,0.3877,280,,110.96,5.72,1.05,66.49,26.25,99.80,63.44,24.66,99.60,4.99,5.15,15.40,18.36,99.70,5.07,15.40
134726,8,558,90968,0.0700,0.6347,453,,123.80,7.67,1.39,65.70,21.57,99.30,64.38,29.50,99.20,4.54,3.94,13.60,18.12,99.25,4.24,13.60
134728,8,560,91004,0.0686,0.6734,491,,127.52,7.85,1.44,70.47,27.81,97.80,72.11,28.40,99.70,7.07,6.63,11.80,18.34,98.75,6.85,11.80
